40.4290105;-3.73263
40.49362587;-3.60542308
40.49666643;-3.7217244
40.49460774;-3.72311672
40.493332;-3.72472655
40.47324192;-3.70730113
40.4508657;-3.71395457
40.48889931;-3.60628344
40.4117063;-3.72414484
40.42908908;-3.63771174
40.43525438;-3.65168876
40.42699387;-3.66506558
40.40243441;-3.65599017
40.43308367;-3.68547693
40.38147499;-3.69507431
40.37825185;-3.6100864
40.43076706;-3.73376814
40.44084623;-3.70117492
40.40497013;-3.60610125
40.42952768;-3.65100598
40.48080508;-3.6356179
40.49116032;-3.72803566
40.44171637;-3.67928482
40.41010013;-3.73904425
40.50229326;-3.67360624
40.41203395;-3.6504384
40.40890777;-3.70102061
40.4359677;-3.6079731
40.48731549;-3.73289607
40.4212345;-3.67221176
40.39749296;-3.6380152
40.43777569;-3.67417986
40.35909136;-3.68925435
40.39746174;-3.70033969
40.50811519;-3.69807286
40.40311126;-3.67859476
40.39323836;-3.67981037
40.44577775;-3.67279182
40.41033412;-3.64888198
40.35881837;-3.58485713
40.49303496;-3.61187373
40.49544689;-3.60886214
40.40950852;-3.65614701
40.34249663;-3.69062299
40.37598141;-3.77578169
40.39483117;-3.68244083
40.40391761;-3.62903896
40.42149088;-3.69247011
40.47643719;-3.57971088
40.42203745;-3.69673019
40.42718388;-3.71049412
40.40073691;-3.71292659
40.46040785;-3.59177125
40.45583179;-3.59038472
40.46826976;-3.68699162
40.45475641;-3.67128499
40.46475871;-3.59130282
40.47038373;-3.59021392
40.40586001;-3.70553708
40.40594537;-3.70573667
40.4238134;-3.69710358
40.41890576;-3.69485482
40.49548884;-3.69251754
40.41233514;-3.70369652
40.4198083;-3.69327609
40.5082826;-3.66977165
40.38004697;-3.63710711
40.39957208;-3.66044619
40.38660543;-3.64830723
40.3767254;-3.74078491
40.38509295;-3.73977054
40.41670432;-3.71081421
40.41449468;-3.7085963
40.40820971;-3.71199648
40.42966168;-3.71335267
40.42652045;-3.69656414
40.41478818;-3.70961255
40.37458469;-3.60934949
40.36854455;-3.61656613
40.37059162;-3.62650465
40.43938819;-3.71797834
40.42274379;-3.71963992
40.42533422;-3.72297972
40.44519038;-3.78853761
40.40725625;-3.67808601
40.44497493;-3.56869302
40.42834171;-3.62152875
40.42997097;-3.70554107
40.44655098;-3.70404807
40.41226168;-3.69866613
40.41062894;-3.69811923
40.40849321;-3.69334995
40.38772772;-3.74499529
40.40804133;-3.70288268
40.42010111;-3.69579303
40.42137673;-3.65471175
40.47495187;-3.67251927
40.44299771;-3.64848989
40.42655415;-3.67005647
40.40916335;-3.61022319
40.42906316;-3.6615945
40.48631369;-3.60534547
40.4826743;-3.66199421
40.43038379;-3.62211839
40.47386101;-3.72661785
40.41574947;-3.70863858
40.47285183;-3.70745037
40.50730272;-3.68056474
40.39588928;-3.67222995
40.4260155;-3.71856937
40.42606672;-3.69989657
40.39346365;-3.69238758
40.47976688;-3.71752362
40.45019953;-3.65713296
40.46325307;-3.70328153
40.40645666;-3.67078638
40.4787027;-3.70846174
40.4488061;-3.60941108
40.42729436;-3.60716078
40.36845669;-3.59154233
40.42793508;-3.66812052
40.43620084;-3.67639782
40.4884167;-3.64599375
40.47350402;-3.63725535
40.47172733;-3.64718367
40.47715863;-3.6594458
40.45527291;-3.65086744
40.44726576;-3.70360211
40.4005927;-3.735264
40.45152877;-3.70640084
40.47329247;-3.69010078
40.34782978;-3.71616179
40.468663;-3.71101076
40.43351051;-3.71114619
40.37535404;-3.71172038
40.36176829;-3.59346035
40.38425853;-3.64389431
40.35080376;-3.69231869
40.49393596;-3.69426114
40.36443708;-3.76498734
40.37639105;-3.70683332
40.37764026;-3.70507043
40.38337391;-3.64501275
40.38415422;-3.64528197
40.38459857;-3.64498756
40.35296171;-3.67806894
40.46455611;-3.58515779
40.35554384;-3.68619136
40.40716583;-3.73737969
40.4722939;-3.6974276
40.4627139;-3.62662266
40.43779673;-3.60335119
40.4037156;-3.71116639
40.46361452;-3.66020048
40.45278993;-3.69886232
40.46962616;-3.70600889
40.42511498;-3.69375182
40.42694659;-3.70440444
40.40884834;-3.71025712
40.46427887;-3.70044867
40.466577;-3.71003414
40.47075065;-3.69326852
40.4149884;-3.7204588
40.40629851;-3.70522986
40.47054357;-3.70928289
40.46591866;-3.69912202
40.42564568;-3.7120169
40.41811837;-3.70914163
40.45854758;-3.7077565
40.42542205;-3.69231794
40.45947957;-3.70507601
40.41534058;-3.71812588
40.47360609;-3.69319962
40.40118738;-3.61805017
40.49241632;-3.72655061
40.41736955;-3.70686076
40.37231507;-3.70900922
40.38485514;-3.71975101
40.50779036;-3.67557508
40.46810179;-3.64840042
40.4641797;-3.62839142
40.40820807;-3.68255413
40.41122761;-3.66576365
40.47236093;-3.66307872
40.44626901;-3.69861061
40.40537813;-3.65053637
40.48337088;-3.71539177
40.42828404;-3.71472167
40.47086022;-3.71045977
40.4589836;-3.70328712
40.42424657;-3.69460257
40.45330293;-3.70978157
40.41477558;-3.71892773
40.41272441;-3.69319788
40.45795236;-3.70129602
40.46664088;-3.69863463
40.46755248;-3.70344922
40.46612967;-3.701468
40.42414221;-3.70181262
40.46993517;-3.70976092
40.45286708;-3.69814723
40.41266509;-3.71488013
40.45954107;-3.70430855
40.4656534;-3.69555882
40.46902078;-3.70353482
40.45458368;-3.70268257
40.42924294;-3.70178393
40.44918249;-3.69354307
40.4689547;-3.71963953
40.49471651;-3.61065636
40.50103344;-3.6070531
40.5027678;-3.67729861
40.41448707;-3.70312749
40.48147638;-3.72034012
40.39739395;-3.67921762
40.40205623;-3.71436677
40.4009186;-3.6999534
40.46319073;-3.69690016
40.46444229;-3.69554914
40.45862887;-3.70031217
40.44828044;-3.7022543
40.43422621;-3.68876285
40.42746551;-3.69004225
40.43765083;-3.71474544
40.43029975;-3.70731911
40.41473581;-3.6642319
40.432502;-3.69726403
40.40205967;-3.69352788
40.44628776;-3.66811472
40.37230993;-3.70426321
40.36572363;-3.68899423
40.3659404;-3.70138606
40.36640427;-3.69606478
40.40791701;-3.74986037
40.38230981;-3.76887822
40.38147262;-3.77943829
40.46742065;-3.59327932
40.46925163;-3.59205165
40.42295872;-3.7103794
40.41892429;-3.69752166
40.40604276;-3.65557089
40.41310462;-3.69538481
40.5012585;-3.69018667
40.50188068;-3.68809656
40.40104982;-3.70264899
40.44107153;-3.69423048
40.39924212;-3.68487644
40.39935847;-3.70765536
40.39427078;-3.69682509
40.3989979;-3.68739477
40.386075;-3.68469086
40.4187564;-3.66494862
40.38768963;-3.6846258
40.40178818;-3.70450386
40.41707844;-3.66138715
40.40616387;-3.71188948
40.42877341;-3.68969887
40.3927097;-3.68338854
40.39222327;-3.68572143
40.50717875;-3.6790942
40.41273735;-3.69386532
40.4125396;-3.70760083
40.49824229;-3.69571837
40.50074213;-3.67628481
40.47191427;-3.7214262
40.3883332;-3.73078111
40.41618753;-3.70782269
40.41149562;-3.69484153
40.36356937;-3.60633554
40.38334527;-3.61744775
40.45416254;-3.71579009
40.46997425;-3.77950995
40.46491327;-3.76391686
40.47289659;-3.83082164
40.39777136;-3.67365634
40.40886396;-3.66798834
40.41605337;-3.67330305
40.44408585;-3.61490185
40.44417339;-3.61636117
40.44689236;-3.60719442
40.44845818;-3.60498515
40.44769618;-3.64589933
40.42565253;-3.61784436
40.43310182;-3.71175307
40.43395698;-3.70446752
40.43468336;-3.69877082
40.44045633;-3.70699562
40.39939846;-3.71071182
40.4022006;-3.69503808
40.40289565;-3.66801127
40.40542155;-3.70902628
40.40000028;-3.70516327
40.39665294;-3.67865211
40.43691085;-3.70091182
40.43312742;-3.70137923
40.40107439;-3.70528679
40.38705986;-3.68349073
40.40765133;-3.67432266
40.40098262;-3.67860602
40.41879698;-3.66699035
40.41214991;-3.67571119
40.43268611;-3.69130044
40.43932797;-3.69452254
40.44632694;-3.71236837
40.40891329;-3.69444867
40.43432942;-3.62289528
40.40624496;-3.70852981
40.40972968;-3.71327357
40.41081576;-3.71418631
40.41960353;-3.71991092
40.42172112;-3.65709811
40.42672099;-3.65921286
40.40612626;-3.68602408
40.40595074;-3.66702805
40.41825245;-3.6764678
40.41804802;-3.6715881
40.41652443;-3.66961089
40.41690134;-3.67627275
40.43724736;-3.66050156
40.43948433;-3.66011749
40.4333292;-3.67867503
40.44012579;-3.66030358
40.42402806;-3.64007605
40.43232991;-3.63679423
40.43044053;-3.67041783
40.43666745;-3.66157176
40.43461848;-3.6742423
40.43908678;-3.66606693
40.44297569;-3.66159764
40.47648766;-3.62978606
40.45675389;-3.70875668
40.45741067;-3.71038078
40.4492846;-3.63804034
40.40826886;-3.61508112
40.40368522;-3.60134497
40.39379669;-3.60634123
40.43341171;-3.71053998
40.3775016;-3.70862926
40.43047161;-3.6680058
40.41253903;-3.69166339
40.42934238;-3.66199889
40.42390896;-3.66722828
40.44898737;-3.67263927
40.37611857;-3.70290392
40.37299763;-3.70754999
40.38361395;-3.64361567
40.36270407;-3.5996334
40.35938395;-3.7006526
40.35412639;-3.68504284
40.34420879;-3.7113649
40.3341824;-3.69921903
40.51840428;-3.77816095
40.43170784;-3.70364589
40.45015442;-3.67554015
40.42423207;-3.67329677
40.45822191;-3.66890526
40.46123662;-3.68953535
40.4427314;-3.6807396
40.44835608;-3.67573133
40.44743792;-3.67158469
40.44382679;-3.66489448
40.4567167;-3.67938907
40.46355325;-3.67066624
40.44585925;-3.67620507
40.42436645;-3.70917849
40.42577694;-3.70935021
40.43992153;-3.63337111
40.40647746;-3.71586038
40.39346103;-3.6876176
40.48841061;-3.73127505
40.42724307;-3.70860028
40.41167387;-3.71145498
40.40938949;-3.70392542
40.45288575;-3.69667515
40.47062136;-3.69089777
40.46409771;-3.70809958
40.46830521;-3.70258481
40.45418279;-3.71192754
40.45345067;-3.69721459
40.40925536;-3.7083933
40.46846995;-3.70057212
40.45531368;-3.69675856
40.47138;-3.70571456
40.46804574;-3.70474857
40.44741898;-3.7009366
40.41200683;-3.7149769
40.40712723;-3.71021628
40.45157125;-3.71077299
40.40638895;-3.70457442
40.46830084;-3.69857051
40.44937218;-3.69829416
40.42183236;-3.7054888
40.45164143;-3.70930747
40.45784537;-3.69867165
40.41372568;-3.69573242
40.45977059;-3.69934317
40.47127573;-3.70498358
40.47281629;-3.69998312
40.41286921;-3.70901699
40.40991555;-3.70722612
40.46914461;-3.6978209
40.45752397;-3.69811369
40.4735454;-3.69212654
40.47059454;-3.70570998
40.42872395;-3.71010079
40.42890425;-3.70936348
40.46689456;-3.69443526
40.40596997;-3.70528774
40.4138189;-3.70903938
40.47320433;-3.69994992
40.40550361;-3.70272688
40.47360403;-3.69585107
40.45050907;-3.70332474
40.45958969;-3.69686697
40.46521631;-3.69830361
40.44970403;-3.69321175
40.43945131;-3.69142541
40.43704812;-3.6903167
40.42915187;-3.72012914
40.4389566;-3.70450151
40.39032601;-3.68747355
40.39737533;-3.70490787
40.38941674;-3.69023724
40.39386131;-3.68470162
40.40277467;-3.69467678
40.43180877;-3.71724615
40.44152089;-3.71652604
40.4043949;-3.72186411
40.40265856;-3.70823188
40.41585564;-3.66141832
40.39030504;-3.68187
40.38913314;-3.68141069
40.39362495;-3.68193683
40.39787094;-3.698192
40.40484308;-3.71812037
40.44991122;-3.69063649
40.45914726;-3.67419159
40.46180569;-3.67568115
40.47909069;-3.67489286
40.46557482;-3.67561586
40.51245509;-3.66771448
40.42999814;-3.6890583
40.47771458;-3.68514864
40.46323981;-3.66864418
40.48446635;-3.73436809
40.43262517;-3.66187452
40.43444744;-3.67757847
40.45998141;-3.66917833
40.46055664;-3.67614253
40.4342041;-3.67059622
40.50564364;-3.71016181
40.42989333;-3.68941203
40.38862341;-3.68658954
40.43169247;-3.68892131
40.4148791;-3.66199361
40.3985629;-3.70879901
40.41672597;-3.66583588
40.38910978;-3.69005938
40.40453187;-3.66706507
40.40201773;-3.69409097
40.39548717;-3.68833036
40.39154743;-3.68643723
40.40223843;-3.70770956
40.40369569;-3.66855157
40.43242228;-3.70074396
40.40070044;-3.67628583
40.5087961;-3.70322746
40.48143569;-3.73723491
40.50314035;-3.6613976
40.5086158;-3.66392399
40.49682394;-3.71931972
40.51772343;-3.77383561
40.47994798;-3.73642672
40.48370703;-3.73116464
40.48201895;-3.73190231
40.48344555;-3.72808879
40.48115607;-3.71776884
40.4809458;-3.6956847
40.48098266;-3.69858576
40.48062497;-3.71969828
40.48209332;-3.71524911
40.40498363;-3.67043754
40.39880146;-3.66960672
40.41297641;-3.67657219
40.40957876;-3.67159288
40.40555821;-3.67516738
40.41941448;-3.69173226
40.40303716;-3.68381658
40.43650312;-3.66065993
40.43859604;-3.66025984
40.44151911;-3.66073155
40.43066396;-3.66772452
40.42466885;-3.66084827
40.43848364;-3.66474984
40.42723414;-3.6611233
40.43702074;-3.68980193
40.42550117;-3.66542339
40.43160302;-3.66699826
40.42905639;-3.66873581
40.43232364;-3.6779336
40.42677912;-3.66542019
40.45623833;-3.67538255
40.45567748;-3.6730267
40.44429712;-3.67452295
40.45507414;-3.69013273
40.44412008;-3.6687727
40.46179587;-3.67153124
40.45914113;-3.68724813
40.46573765;-3.66976086
40.42667774;-3.68990857
40.4420352;-3.67203638
40.44464498;-3.67704686
40.46727197;-3.68392997
40.43409279;-3.67003026
40.42270553;-3.66529022
40.43150337;-3.68376459
40.44588129;-3.6654317
40.42867185;-3.68938665
40.42737449;-3.68969877
40.4598453;-3.67214454
40.46289797;-3.68475778
40.45503773;-3.67308738
40.45249047;-3.66417266
40.46059999;-3.670045
40.4414262;-3.66972268
40.45364842;-3.66585898
40.46262398;-3.68611793
40.45112155;-3.66742138
40.4490897;-3.67343959
40.45800832;-3.66845958
40.43910171;-3.69084686
40.42422372;-3.67536211
40.45025545;-3.67654989
40.4394907;-3.67571892
40.50228856;-3.6925531
40.48876139;-3.70141286
40.47514441;-3.70009767
40.47993324;-3.71332203
40.48118351;-3.71370185
40.49233878;-3.70730323
40.47761881;-3.70891131
40.4711743;-3.71221109
40.47503284;-3.7070895
40.48584252;-3.69965462
40.48157005;-3.69954549
40.45150463;-3.6748241
40.43708459;-3.66586713
40.45193633;-3.66456442
40.5091548;-3.69064033
40.46235041;-3.67601198
40.50608558;-3.66694238
40.47896471;-3.73945177
40.48210779;-3.72266689
40.49356094;-3.70840598
40.48363388;-3.72822489
40.48071438;-3.7121743
40.48050334;-3.72038067
40.47666526;-3.70859396
40.48773557;-3.72328733
40.49095203;-3.69683013
40.47528785;-3.70560609
40.48521082;-3.72502617
40.48319538;-3.69964634
40.4812817;-3.69989992
40.49447162;-3.71889954
40.4813029;-3.71109432
40.47340675;-3.70359277
40.47895405;-3.69234627
40.5068248;-3.68557537
40.47795987;-3.70232868
40.4796602;-3.71919216
40.49190786;-3.72295884
40.48336096;-3.72231689
40.47400078;-3.72045069
40.49193007;-3.69194148
40.4802336;-3.69479322
40.47796481;-3.69791337
40.48110902;-3.7013069
40.49481934;-3.68788936
40.48866204;-3.72219475
40.47949388;-3.69760415
40.53059756;-3.77983585
40.49459362;-3.71153161
40.47937435;-3.69654046
40.48207408;-3.69944507
40.49763097;-3.69379627
40.49075909;-3.68940908
40.47383868;-3.71630804
40.48526841;-3.70813917
40.49014121;-3.68391326
40.48029415;-3.71350938
40.48150867;-3.69840418
40.47440246;-3.70192557
40.49712526;-3.69440345
40.47354665;-3.71810378
40.47529161;-3.71088822
40.48823878;-3.7196114
40.53472846;-3.78191719
40.48514025;-3.68593711
40.47985043;-3.71054144
40.47182046;-3.71313977
40.53244322;-3.77987257
40.47955407;-3.71112821
40.47941711;-3.71171312
40.47891558;-3.71152143
40.49482477;-3.68634523
40.53309979;-3.78203027
40.48146892;-3.6968994
40.48493206;-3.70204846
40.47586719;-3.70527133
40.47902273;-3.71095037
40.47790938;-3.70725102
40.51973243;-3.77627718
40.48180475;-3.70296223
40.4955655;-3.69514429
40.49617367;-3.68865187
40.48045093;-3.69629831
40.48149476;-3.71621246
40.51597324;-3.77531293
40.49682858;-3.69001449
40.49284473;-3.68912529
40.47880683;-3.7242642
40.50137836;-3.70226164
40.50087134;-3.7025278
40.50382054;-3.66901536
40.47414338;-3.743302
40.42848654;-3.73092116
40.43307406;-3.73520431
40.42655673;-3.7241365
40.42395521;-3.72617087
40.42530276;-3.72796465
40.4238781;-3.72351412
40.475597;-3.72092535
40.48002509;-3.69096717
40.48032374;-3.69221531
40.4338884;-3.73547068
40.42609522;-3.72794462
40.43107434;-3.73494907
40.4259941;-3.73132081
40.45871109;-3.78534004
40.42617906;-3.73181837
40.45444292;-3.79034851
40.46188984;-3.78034644
40.4567964;-3.78319151
40.46204434;-3.78122689
40.45153581;-3.77057542
40.45208458;-3.7702594
40.45349702;-3.77603541
40.45611783;-3.7819561
40.45446045;-3.77882981
40.45163851;-3.76861405
40.45275312;-3.77723365
40.42666043;-3.72637294
40.42764409;-3.72783881
40.44774544;-3.78920727
40.44955984;-3.78755705
40.45091365;-3.76977809
40.44975791;-3.77402497
40.45070475;-3.7739983
40.43180358;-3.73174536
40.45119113;-3.78213724
40.43270451;-3.73252236
40.45026207;-3.79001449
40.45018676;-3.77398016
40.45143553;-3.77713085
40.44928007;-3.76936935
40.46533502;-3.71841805
40.46151907;-3.72371324
40.46409141;-3.7207642
40.46752333;-3.72013194
40.46696711;-3.71693352
40.4703772;-3.72065479
40.47245181;-3.72341352
40.45706066;-3.71415534
40.46239545;-3.71220692
40.46483868;-3.7163765
40.46471859;-3.71210594
40.45223129;-3.79237799
40.45338452;-3.7883206
40.45305005;-3.79026946
40.42332795;-3.72453448
40.42311327;-3.72256371
40.41245634;-3.73643465
40.45900122;-3.79669355
40.45777561;-3.78021701
40.45009404;-3.77247486
40.44986112;-3.76562876
40.45100492;-3.77773064
40.45193653;-3.77877572
40.45263201;-3.75999104
40.46349533;-3.72117532
40.46659424;-3.71845477
40.46645482;-3.71823228
40.46678805;-3.71617154
40.45294334;-3.71615615
40.45366397;-3.71534159
40.44875778;-3.71379475
40.45351861;-3.71437189
40.47175086;-3.82544942
40.45730916;-3.76555227
40.46653868;-3.78801529
40.4552783;-3.76649666
40.46695653;-3.78668996
40.46830597;-3.81824818
40.47076369;-3.78776399
40.47387647;-3.83116254
40.45273501;-3.78288121
40.45276731;-3.77944802
40.45942513;-3.77941991
40.4606114;-3.7865103
40.46817341;-3.72731518
40.4541893;-3.71694879
40.46480489;-3.72529464
40.45941709;-3.71856823
40.40552755;-3.72832449
40.39518004;-3.74799258
40.39383672;-3.7470418
40.4467028;-3.71376967
40.45871947;-3.71564745
40.46542609;-3.78700746
40.46538821;-3.78733106
40.46549664;-3.78783926
40.42149778;-3.67977142
40.37539942;-3.77075627
40.39712277;-3.76670909
40.45727173;-3.78320765
40.3960931;-3.74116564
40.39324056;-3.74975999
40.40154456;-3.73637453
40.40057745;-3.73899775
40.3996643;-3.74404885
40.40097771;-3.7582298
40.40132256;-3.75843942
40.40101515;-3.75636608
40.39996458;-3.75591407
40.40093524;-3.75907366
40.40091261;-3.74081112
40.40206317;-3.75855238
40.39977846;-3.74473748
40.39856374;-3.74846732
40.40005479;-3.74735882
40.39543399;-3.75904004
40.38932435;-3.75925433
40.40616222;-3.72576159
40.39723601;-3.75763447
40.37018941;-3.76539244
40.41419257;-3.72725906
40.38103788;-3.79139752
40.38118411;-3.78993288
40.37815114;-3.79611681
40.37992346;-3.79291005
40.37740662;-3.79700768
40.38619181;-3.7678368
40.36836874;-3.76468751
40.40785652;-3.72941734
40.38180079;-3.79107823
40.37943407;-3.79484113
40.37898945;-3.79532915
40.38542285;-3.76708195
40.38587021;-3.76648758
40.40248509;-3.74431141
40.39648307;-3.770553
40.39431403;-3.77433336
40.40860262;-3.73610414
40.3830568;-3.7825704
40.40273976;-3.7521795
40.38068242;-3.78310757
40.3751385;-3.75936153
40.38545805;-3.76480526
40.39497658;-3.74447919
40.40586092;-3.75197618
40.38228047;-3.78235949
40.38155612;-3.77597099
40.37486311;-3.77245761
40.37546086;-3.75611429
40.37750033;-3.75835799
40.37467108;-3.76185876
40.39150411;-3.76635339
40.3932365;-3.76762401
40.39140681;-3.75895051
40.38935148;-3.76010353
40.40712372;-3.72743046
40.40093652;-3.74723788
40.38406013;-3.76079546
40.38359073;-3.76324714
40.39243507;-3.76716092
40.39105856;-3.75990511
40.42653311;-3.64427327
40.40306226;-3.7455617
40.40904368;-3.74468934
40.38193016;-3.77254258
40.40492092;-3.73101999
40.43530292;-3.65438146
40.40134141;-3.74976148
40.39921313;-3.75856988
40.40055042;-3.75814735
40.4388713;-3.64010279
40.38561761;-3.76015404
40.43066265;-3.65578627
40.432784;-3.64143343
40.38384903;-3.77927966
40.43596767;-3.64937862
40.43837636;-3.63881232
40.43672145;-3.65141292
40.40719723;-3.74389858
40.39353674;-3.77259213
40.43979342;-3.64093891
40.37749761;-3.77961642
40.42542457;-3.64269895
40.43051373;-3.65704092
40.42040595;-3.63358756
40.43446366;-3.6476984
40.42722445;-3.64665033
40.42283324;-3.65631341
40.42251525;-3.63746031
40.43944617;-3.65728057
40.43109955;-3.64508148
40.42379645;-3.6392422
40.42566232;-3.62973859
40.43583673;-3.63875399
40.44261712;-3.65198986
40.45099936;-3.65669808
40.45250069;-3.65950753
40.48143359;-3.66881671
40.43060369;-3.64440108
40.44000818;-3.64499141
40.42373359;-3.63605332
40.42037135;-3.6280146
40.45088149;-3.64938917
40.41937447;-3.62872834
40.42507766;-3.64991885
40.42671495;-3.6473352
40.43191195;-3.6181438
40.43033569;-3.63857141
40.42628366;-3.63655646
40.48114095;-3.66953709
40.47599005;-3.67078516
40.48187916;-3.66730705
40.46266638;-3.66553747
40.48229202;-3.67116778
40.43040329;-3.63939707
40.41556121;-3.62595012
40.48101847;-3.67339799
40.42803791;-3.63348189
40.43412036;-3.65785558
40.4782022;-3.66584754
40.43540576;-3.6575749
40.47703812;-3.66683293
40.42277944;-3.63392278
40.45242462;-3.66080805
40.45047144;-3.65179928
40.42296393;-3.63862295
40.43297696;-3.65145082
40.43352513;-3.65159017
40.4283185;-3.65985611
40.42227602;-3.63479049
40.42225924;-3.63429116
40.42087457;-3.6278581
40.42153626;-3.62833713
40.4752349;-3.66573954
40.45073469;-3.66066947
40.42958109;-3.64180831
40.42930892;-3.65270887
40.46797665;-3.66602368
40.46384905;-3.66504233
40.43832639;-3.64653655
40.44104921;-3.64923405
40.43404038;-3.6445627
40.4514775;-3.65253185
40.44850591;-3.66018759
40.47388717;-3.66779907
40.43089495;-3.65897904
40.43730807;-3.64242207
40.45890704;-3.65945065
40.43315994;-3.6402309
40.44005046;-3.6394405
40.45469702;-3.65526036
40.44444257;-3.64515879
40.44034155;-3.64803033
40.44595479;-3.64804785
40.43042541;-3.65998764
40.43005603;-3.65265508
40.42129882;-3.62816417
40.43129867;-3.64822045
40.4283946;-3.64922986
40.43014335;-3.64887218
40.44199244;-3.64577823
40.41821509;-3.62739848
40.42674;-3.63282022
40.46975272;-3.66665378
40.43447326;-3.64119246
40.42931116;-3.64968263
40.44799544;-3.64993208
40.43258887;-3.65862281
40.43172037;-3.64909764
40.43881396;-3.63854808
40.43126934;-3.63489873
40.44188466;-3.65114865
40.42562662;-3.64105261
40.42578837;-3.64350773
40.4512497;-3.65822416
40.45100374;-3.63382552
40.46372604;-3.63048543
40.45778949;-3.65345841
40.46153812;-3.63187176
40.47152301;-3.63886027
40.42495271;-3.63719698
40.47020937;-3.63999044
40.47425426;-3.66222884
40.44136836;-3.64848605
40.43330614;-3.64820483
40.43495986;-3.63673922
40.46806607;-3.63137008
40.47381024;-3.65652083
40.45101189;-3.64775864
40.47595676;-3.64423022
40.46727794;-3.6619536
40.46763704;-3.63857872
40.46155263;-3.62725636
40.46155283;-3.63277184
40.46375777;-3.63249539
40.46148249;-3.63044324
40.46317648;-3.6523091
40.47335661;-3.6415243
40.45965807;-3.65449863
40.46373049;-3.63122751
40.46048171;-3.65278683
40.48038881;-3.62986956
40.48779738;-3.66219754
40.46819991;-3.6617405
40.46963575;-3.66003001
40.45828156;-3.62195183
40.47563834;-3.64639815
40.44962402;-3.63993899
40.46531782;-3.6316947
40.47390221;-3.64231989
40.47303854;-3.64299575
40.472036;-3.65820351
40.48006808;-3.66140899
40.4601721;-3.62350701
40.47448423;-3.65685399
40.46245066;-3.64145717
40.44852521;-3.65730138
40.47077819;-3.64357783
40.46507781;-3.6310036
40.47468605;-3.64523594
40.46278459;-3.62928266
40.4881662;-3.66316557
40.46816475;-3.63073756
40.47622016;-3.64485305
40.48006593;-3.64921074
40.48050779;-3.65001676
40.47524539;-3.65239913
40.50632821;-3.63841568
40.45499119;-3.61694471
40.47134316;-3.65537974
40.47166197;-3.6434869
40.45345947;-3.62536276
40.47845044;-3.63231037
40.47483374;-3.62871995
40.47337396;-3.63372472
40.45367765;-3.60946015
40.46850992;-3.65678987
40.45051551;-3.61876604
40.45052542;-3.61829406
40.4643701;-3.65623116
40.47687941;-3.65633249
40.47150172;-3.65961798
40.47766599;-3.66142059
40.47384793;-3.64862659
40.47594188;-3.66325977
40.47683517;-3.66238051
40.46023783;-3.62558058
40.48048213;-3.62879569
40.44816386;-3.59901622
40.49921395;-3.61050581
40.49776442;-3.61828438
40.48567989;-3.65823588
40.4860394;-3.6133605
40.47939948;-3.64489256
40.42490015;-3.60579667
40.46523226;-3.65054629
40.4296883;-3.60490148
40.44880646;-3.59472553
40.43006221;-3.60201126
40.48520821;-3.65529721
40.46869089;-3.66241189
40.4241954;-3.60481074
40.43131694;-3.6025382
40.49280375;-3.64946079
40.47949198;-3.62638545
40.47532743;-3.65565124
40.46352902;-3.63891734
40.44716019;-3.59477033
40.46634895;-3.6340535
40.47024109;-3.64861977
40.4750104;-3.64105422
40.49172382;-3.6508546
40.47872379;-3.66041514
40.47481881;-3.63796353
40.46370341;-3.6287025
40.46864253;-3.63214976
40.47023934;-3.637541
40.46185014;-3.6347091
40.47282114;-3.64719427
40.46145181;-3.62922905
40.47278913;-3.64094282
40.47536422;-3.66055136
40.46889276;-3.62948177
40.47595726;-3.63803819
40.47923898;-3.64980649
40.48060734;-3.64987194
40.46889016;-3.63814572
40.46287319;-3.64716567
40.50179132;-3.63560499
40.50770944;-3.64482793
40.43339557;-3.61393083
40.43481407;-3.62463596
40.42025208;-3.61069928
40.42948427;-3.62901846
40.43434911;-3.62497405
40.44630048;-3.63762758
40.44028813;-3.6340898
40.43153106;-3.60837466
40.4237188;-3.61014676
40.43076523;-3.61077834
40.4344444;-3.60739958
40.42574921;-3.6090973
40.42727906;-3.61187476
40.42213147;-3.62546458
40.42233189;-3.60099007
40.41923393;-3.62388539
40.42131859;-3.62183495
40.43725052;-3.61192907
40.44291299;-3.6105626
40.44140317;-3.61792015
40.44208363;-3.61171844
40.4386832;-3.60944465
40.43862843;-3.60853744
40.44325605;-3.57668635
40.42573362;-3.62626472
40.43358213;-3.61826179
40.44771682;-3.60939357
40.42996189;-3.6068272
40.43171206;-3.62345743
40.44519345;-3.61097013
40.4510257;-3.62525945
40.45419405;-3.62548739
40.47884319;-3.63360115
40.47816938;-3.6311197
40.46042007;-3.6223453
40.45567924;-3.61375688
40.47711562;-3.63968697
40.47982883;-3.65999216
40.46627185;-3.65602237
40.46383077;-3.65699486
40.46988543;-3.65856663
40.44421319;-3.63461357
40.46737266;-3.59125299
40.45214972;-3.59327422
40.47696882;-3.58009489
40.47448205;-3.57688983
40.45179233;-3.59315227
40.45857684;-3.58314297
40.42882263;-3.62516905
40.45812039;-3.5936828
40.45030718;-3.58355516
40.45106102;-3.59763233
40.44438406;-3.56626435
40.45300049;-3.59803173
40.45929778;-3.58003603
40.47424163;-3.58265359
40.46207981;-3.5862245
40.43692908;-3.61677807
40.45498529;-3.58707795
40.43344398;-3.62139616
40.47592634;-3.57843361
40.4268601;-3.62481843
40.44320705;-3.61651967
40.47355602;-3.57705377
40.4734724;-3.57961667
40.47496964;-3.58983149
40.37302539;-3.66512217
40.39099927;-3.65455767
40.39572148;-3.65494716
40.37709663;-3.65911912
40.39937723;-3.65440608
40.39747769;-3.65697572
40.39675465;-3.64611409
40.40257264;-3.66365662
40.39332462;-3.63648049
40.38840999;-3.6339521
40.37302843;-3.65748114
40.37699526;-3.66986223
40.38042561;-3.67074123
40.39563039;-3.66729336
40.36971268;-3.66107348
40.38016007;-3.6712924
40.3752745;-3.66696764
40.4703932;-3.6586067
40.47460333;-3.65903503
40.47691311;-3.66125984
40.47938486;-3.65787521
40.47882758;-3.64575949
40.4778527;-3.64418614
40.4928441;-3.64716041
40.48803704;-3.64533645
40.48142595;-3.65893142
40.49465217;-3.6603351
40.49804852;-3.61421898
40.49763561;-3.61048107
40.49497975;-3.62193848
40.44954306;-3.5935478
40.44762706;-3.59530841
40.49114938;-3.60939735
40.48942041;-3.65194154
40.38879491;-3.66581192
40.3849714;-3.65840922
40.37680124;-3.66020636
40.38313762;-3.63786195
40.37925356;-3.64825701
40.39448041;-3.64281477
40.37896537;-3.66021311
40.38427916;-3.66773846
40.39216047;-3.64493468
40.40085579;-3.65081678
40.37671372;-3.65409346
40.37893413;-3.67242046
40.38395888;-3.67427649
40.37855261;-3.6788936
40.40536133;-3.63776823
40.40429458;-3.63603086
40.38364046;-3.62973011
40.41073465;-3.63978367
40.39470985;-3.63572916
40.44714611;-3.62355933
40.39232663;-3.66234853
40.40151757;-3.63554844
40.38356315;-3.66035802
40.3867906;-3.66825751
40.4101115;-3.6570355
40.39422266;-3.65814811
40.41020237;-3.65778621
40.40573165;-3.64671234
40.3795097;-3.65418398
40.377992;-3.67719987
40.38147643;-3.64913407
40.38651902;-3.6721356
40.41184518;-3.65234558
40.41121896;-3.66135442
40.38348362;-3.66318582
40.47686002;-3.65387292
40.42646787;-3.62321178
40.48370424;-3.63710322
40.48518758;-3.65632922
40.43087404;-3.60070606
40.49416024;-3.66128612
40.47445422;-3.64012206
40.49748212;-3.62201916
40.49509276;-3.61810435
40.49476808;-3.61420718
40.36925622;-3.66001082
40.40658367;-3.66209877
40.41201381;-3.62805854
40.40738851;-3.66226128
40.40280036;-3.64097067
40.36594222;-3.61365593
40.37543476;-3.61994883
40.3711826;-3.61749716
40.37018585;-3.62047082
40.38448645;-3.60878296
40.42792407;-3.60159841
40.42832905;-3.61782275
40.44396332;-3.59238817
40.43324773;-3.60283863
40.447559;-3.59223047
40.46970029;-3.63253927
40.50182004;-3.65136512
40.48908468;-3.6105422
40.4195518;-3.60952363
40.43277117;-3.62362248
40.42720088;-3.6285142
40.4439413;-3.62380495
40.43348254;-3.60855766
40.44440372;-3.63111107
40.43133601;-3.6129134
40.38051096;-3.6060461
40.37733273;-3.62066832
40.36565328;-3.61031893
40.40433379;-3.59886119
40.36984282;-3.63250538
40.36767122;-3.63805557
40.40582207;-3.59801372
40.40383617;-3.60880758
40.40510829;-3.59251561
40.41247234;-3.61382219
40.41289037;-3.61473554
40.41147823;-3.61832899
40.4106313;-3.61667357
40.41117114;-3.61705919
40.41009932;-3.61521694
40.43448364;-3.60702985
40.41979562;-3.62271878
40.42530947;-3.62110873
40.42034484;-3.61888969
40.4373972;-3.61148483
40.44632548;-3.61104653
40.43813142;-3.61128385
40.43313504;-3.60927937
40.43255166;-3.61155341
40.42483108;-3.62754694
40.42335768;-3.60157682
40.44239021;-3.58137621
40.44477282;-3.57908163
40.44588099;-3.57798835
40.42921046;-3.61813416
40.41100532;-3.6136494
40.40300979;-3.62034539
40.41015352;-3.61569735
40.40683566;-3.60552978
40.39777309;-3.61675514
40.39872707;-3.62206835
40.4117732;-3.61202718
40.38553826;-3.72647823
40.37579663;-3.75155314
40.40032048;-3.61839671
40.40212748;-3.60557009
40.39547695;-3.62337277
40.3973486;-3.60324431
40.38338535;-3.72443357
40.37908775;-3.74453268
40.40173491;-3.61704584
40.37516475;-3.72571043
40.38401434;-3.7240494
40.39540484;-3.6052703
40.39816591;-3.73194406
40.42297247;-3.61110558
40.4720134;-3.57804968
40.43030892;-3.62305318
40.4762885;-3.57610594
40.45898461;-3.58269062
40.47423948;-3.58587621
40.44151271;-3.61364409
40.45132957;-3.59442004
40.4512116;-3.59360493
40.47327298;-3.58424228
40.4740606;-3.58381807
40.37333945;-3.72253975
40.39388454;-3.71471767
40.40995021;-3.60816991
40.40193713;-3.60330943
40.39939129;-3.62054679
40.3760391;-3.72706978
40.37924682;-3.72627622
40.40227385;-3.60958684
40.38872208;-3.7296745
40.37913423;-3.75354542
40.3770735;-3.72728835
40.37316558;-3.73052641
40.37291811;-3.73254577
40.3717133;-3.73429664
40.36382856;-3.74695339
40.4718866;-3.58607349
40.47122975;-3.5875944
40.4540981;-3.59807555
40.47299028;-3.58599732
40.42980868;-3.61003934
40.46844549;-3.58058098
40.47472337;-3.57762315
40.46027978;-3.57884737
40.44281649;-3.61262548
40.47162424;-3.58468847
40.46431711;-3.58898762
40.46926349;-3.58856487
40.47296169;-3.58389298
40.47540542;-3.58020595
40.46444063;-3.58774714
40.47567882;-3.5944109
40.4746062;-3.59372238
40.47474192;-3.58116487
40.47203704;-3.59775682
40.45097085;-3.5839657
40.46613974;-3.58641511
40.39675372;-3.65521294
40.39969286;-3.65633876
40.37773803;-3.66114814
40.3995222;-3.65234705
40.39744289;-3.64689816
40.39031134;-3.65433457
40.39312792;-3.65642065
40.37817358;-3.65206405
40.40386446;-3.660682
40.38045863;-3.64672624
40.39072499;-3.65911836
40.38209429;-3.66918421
40.38888377;-3.66619783
40.38622798;-3.64778675
40.37993638;-3.6433652
40.38931475;-3.66754348
40.3916798;-3.63359853
40.39019943;-3.64872592
40.38415604;-3.66788852
40.38724253;-3.67184377
40.39912715;-3.64890529
40.37915499;-3.64631124
40.38096244;-3.64127045
40.3789351;-3.65932846
40.38634344;-3.65987161
40.39540653;-3.6665726
40.37415898;-3.65952315
40.39495025;-3.63748959
40.38837992;-3.65411994
40.40934209;-3.63411441
40.41028237;-3.63320924
40.4036756;-3.6548432
40.37424575;-3.66004195
40.39535113;-3.67125896
40.37549247;-3.67206419
40.4101893;-3.63967526
40.41043506;-3.63944847
40.4114465;-3.63962977
40.38466085;-3.65378872
40.38509588;-3.67265857
40.40551627;-3.65281598
40.40955364;-3.65873253
40.38542358;-3.67325538
40.3929501;-3.66375632
40.3956562;-3.63552631
40.38723594;-3.64373248
40.41276643;-3.65626564
40.4081155;-3.64818348
40.41019113;-3.64439162
40.40659959;-3.65828488
40.40272493;-3.66025239
40.40363914;-3.63502005
40.40095727;-3.64867869
40.39921004;-3.6278382
40.40022136;-3.63749323
40.40087522;-3.67909835
40.33312734;-3.69995855
40.40388512;-3.63325795
40.40972851;-3.6611786
40.41503199;-3.65893364
40.38145701;-3.60849092
40.38206267;-3.61096429
40.37492408;-3.61957096
40.38230911;-3.61992843
40.37859708;-3.61848124
40.37478597;-3.62227148
40.37118046;-3.62388691
40.3797632;-3.61434444
40.38066288;-3.62128579
40.37300379;-3.6244272
40.37322179;-3.61832855
40.37183;-3.61307563
40.36443438;-3.59868484
40.40513595;-3.5963363
40.40780459;-3.59023213
40.40591113;-3.59795004
40.40438266;-3.60584049
40.40596331;-3.59185371
40.41604119;-3.61367004
40.41285261;-3.6119706
40.40181597;-3.61957693
40.40743029;-3.59077323
40.39951711;-3.62601972
40.40233725;-3.62192411
40.3999282;-3.62283182
40.39938982;-3.61779204
40.40606072;-3.61712989
40.39915116;-3.61688426
40.39658216;-3.71746263
40.39248472;-3.74045906
40.39698804;-3.61689068
40.37423088;-3.7218574
40.37253884;-3.72716326
40.37943273;-3.720609
40.40093319;-3.56274476
40.37753081;-3.72959027
40.37441522;-3.73341682
40.3863768;-3.73444821
40.375965;-3.72410459
40.37700386;-3.72595516
40.38901448;-3.72485382
40.37814663;-3.72518463
40.37149775;-3.73744897
40.36889212;-3.76226574
40.37837035;-3.72857727
40.38067606;-3.725783
40.38042577;-3.74095633
40.40953489;-3.60852964
40.37333973;-3.73784752
40.36472724;-3.75263423
40.39495727;-3.71675277
40.37417791;-3.74707001
40.39171518;-3.71612872
40.37417838;-3.7543521
40.3641967;-3.74378657
40.38443015;-3.75134148
40.36512115;-3.75873581
40.3635371;-3.75674758
40.37274116;-3.75867698
40.36505411;-3.74755993
40.37217763;-3.73345994
40.3730389;-3.72812736
40.36643201;-3.74481055
40.36142902;-3.76426637
40.36023327;-3.75981939
40.3617841;-3.75329106
40.36003522;-3.7623424
40.36607441;-3.75961302
40.38798631;-3.73604294
40.36337704;-3.74129419
40.36314278;-3.7548626
40.36580894;-3.75447634
40.37188537;-3.74002246
40.36452882;-3.75646453
40.36518538;-3.75673016
40.37436833;-3.7384357
40.37214719;-3.75435373
40.36888549;-3.74047645
40.37664467;-3.7352941
40.38052605;-3.74078731
40.38872806;-3.71532354
40.39822965;-3.72819812
40.39259377;-3.70640413
40.38826709;-3.70817419
40.36739244;-3.70635321
40.37467143;-3.69217069
40.37479695;-3.69427205
40.37819717;-3.75139027
40.39893822;-3.72563204
40.37061705;-3.73862986
40.37691649;-3.73031636
40.39636344;-3.73046634
40.38339685;-3.73258298
40.38017521;-3.71797971
40.36698568;-3.71058879
40.38207097;-3.6989851
40.38314975;-3.71569784
40.37447152;-3.70868101
40.37836195;-3.70142168
40.37357382;-3.70593003
40.373663;-3.7098935
40.38251104;-3.7167106
40.3713624;-3.71282837
40.36996789;-3.71647017
40.36925217;-3.7180308
40.38371166;-3.71298292
40.3716799;-3.71638123
40.38503289;-3.70378342
40.38328969;-3.70294449
40.36714308;-3.71565605
40.34097122;-3.67505299
40.38703715;-3.7139081
40.35281472;-3.69190429
40.37313589;-3.69743825
40.38938532;-3.71122641
40.37211012;-3.71297925
40.36983049;-3.70456555
40.38769559;-3.70346122
40.38292314;-3.71157019
40.37773517;-3.69052619
40.36950317;-3.7080934
40.34954169;-3.71090541
40.35439183;-3.68345516
40.34984775;-3.70768561
40.34754567;-3.71215767
40.36113741;-3.68500993
40.3514404;-3.71703051
40.35051565;-3.70164368
40.35489857;-3.69616219
40.3564844;-3.68819147
40.3463811;-3.71691959
40.36250269;-3.68647792
40.34212274;-3.70917461
40.35930386;-3.68396254
40.34116386;-3.67381231
40.36245623;-3.69331417
40.36363449;-3.69473356
40.34158644;-3.67656724
40.34658783;-3.68668038
40.34655015;-3.67532998
40.36165303;-3.70015435
40.35512275;-3.69830918
40.35648812;-3.69787046
40.43060386;-3.70022303
40.3552087;-3.71640611
40.35498334;-3.71506538
40.35773596;-3.71799197
40.35566184;-3.71787023
40.34491341;-3.67667937
40.34851466;-3.70522434
40.34784334;-3.67745295
40.36168302;-3.69694934
40.37188675;-3.71863229
40.35399628;-3.69594768
40.34927439;-3.69110887
40.35080261;-3.69474623
40.34744834;-3.71148925
40.35358598;-3.69711291
40.35160154;-3.67650941
40.34525527;-3.69070658
40.36371965;-3.69594247
40.35887528;-3.696569
40.35082912;-3.70013613
40.35632314;-3.69873963
40.35772315;-3.69911445
40.34589669;-3.70255886
40.4303584;-3.70178815
40.35492644;-3.71321207
40.35756708;-3.71443459
40.36004876;-3.71543316
40.43571737;-3.65296113
40.39355792;-3.65783474
40.45273462;-3.6027498
40.45138961;-3.76793035
40.40705845;-3.69359199
40.36059658;-3.71718769
40.34618117;-3.708213
40.3536512;-3.68465696
40.35466372;-3.69151844
40.34773702;-3.6870455
40.34263271;-3.69998325
40.34541999;-3.71244534
40.34531458;-3.70826485
40.34378059;-3.7125496
40.34605886;-3.71100578
40.35574546;-3.69371247
40.34498213;-3.68787823
40.41050249;-3.72612232
40.35982963;-3.71779435
40.38840097;-3.65272341
40.42641698;-3.64579889
40.34657744;-3.71588035
40.34291606;-3.71481384
40.35169762;-3.67797914
40.4341055;-3.70146903
40.45491848;-3.68094309
40.44301133;-3.67935784
40.34709249;-3.71333156
40.35370569;-3.69365483
40.34727438;-3.70737764
40.35035441;-3.69809738
40.35703797;-3.69958055
40.35432759;-3.70426466
40.35179054;-3.69133601
40.39903579;-3.64248596
40.44804966;-3.66540977
40.38488339;-3.66026581
40.43463744;-3.61318921
40.39187585;-3.68572651
40.42738769;-3.66077019
40.45169239;-3.71447536
40.485775;-3.70020336
40.50278962;-3.66792685
40.37368355;-3.75120632
40.41738854;-3.70131644
40.46793289;-3.70708746
40.46722257;-3.5831655
40.41969459;-3.70928891
40.41029236;-3.63603429
40.43607714;-3.60324697
40.43436232;-3.60275107
40.43540711;-3.60585394
40.39571056;-3.75198249
40.40767041;-3.66010343
40.36476479;-3.58882538
40.41122756;-3.70804168
40.42442444;-3.71071028
40.42145912;-3.70679948
40.4132776;-3.65971647
40.40837878;-3.62818303
40.40256398;-3.63318323
40.41488728;-3.69296121
40.47045979;-3.59717328
40.45259941;-3.59551845
40.42385303;-3.70711888
40.42227582;-3.69969991
40.37997972;-3.76899757
40.36716247;-3.68916106
40.40788252;-3.65586888
40.41021953;-3.65326592
40.40903513;-3.64472284
40.4017961;-3.63671794
40.39674033;-3.64137193
40.39921399;-3.60309551
40.47499482;-3.59204145
40.45737217;-3.58792309
40.42577692;-3.70716237
40.42538484;-3.70384111
40.41973264;-3.71100097
40.43957453;-3.66307652
40.44125043;-3.66475965
40.43736743;-3.68610383
40.42760132;-3.67378271
40.38026112;-3.69584984
40.37799597;-3.71303457
40.51033597;-3.67258558
40.50355824;-3.67492693
40.50401017;-3.7015443
40.50425331;-3.70786753
40.4155966;-3.71325054
40.3889335;-3.65939191
40.41073643;-3.70260865
40.41667957;-3.7118789
40.38990029;-3.67015315
40.38673867;-3.65572135
40.37489473;-3.67279059
40.44820589;-3.70550225
40.45583059;-3.69340762
40.46800165;-3.69434977
40.39489347;-3.77363584
40.37835425;-3.78042275
40.40266517;-3.73831293
40.43569243;-3.67129628
40.38462771;-3.71334743
40.39668342;-3.66756652
40.47153349;-3.69511931
40.38369098;-3.7117035
40.41335288;-3.71136708
40.41303627;-3.70824745
40.37444786;-3.7293246
40.41823167;-3.70701476
40.41028062;-3.70101188
40.38877364;-3.74007614
40.39496715;-3.72052619
40.39743851;-3.73106219
40.4825497;-3.72046972
40.49231594;-3.69013138
40.41558876;-3.69483154
40.34294794;-3.68821093
40.49502831;-3.68847521
40.39726515;-3.75092026
40.50886845;-3.69350568
40.40201088;-3.59696382
40.4223403;-3.65310885
40.49853345;-3.65650057
40.47347417;-3.59634069
40.47498411;-3.58718423
40.38301479;-3.64477347
40.36422384;-3.59058854
40.41637959;-3.62063778
40.41619571;-3.62112444
40.40681924;-3.63808322
40.34317819;-3.68528801
40.40597408;-3.59586074
40.41663611;-3.69850227
40.44511598;-3.59395989
40.42299262;-3.69315742
40.38911197;-3.65949516
40.41595266;-3.70431294
40.41462495;-3.70705103
40.41590438;-3.71121326
40.39026251;-3.66188936
40.38108897;-3.6310926
40.45762934;-3.69355562
40.34237543;-3.70586915
40.3912148;-3.71746587
40.41532819;-3.69693337
40.39461518;-3.72859055
40.48332491;-3.72143876
40.40950524;-3.6959671
40.42311736;-3.70084488
40.41327595;-3.66227445
40.43238604;-3.65418811
40.34974121;-3.67926579
40.38031412;-3.76749534
40.39476401;-3.77915073
40.49690447;-3.60789191
40.44611336;-3.69611191
40.49715753;-3.71323026
40.49629422;-3.68593409
40.47451398;-3.58028874
40.47461336;-3.58038307
40.47245225;-3.64469185
40.4712504;-3.6397431
40.37156575;-3.75299395
40.45020597;-3.67510457
40.42158969;-3.68247376
40.36367579;-3.59106912
40.44357848;-3.65248435
40.42498319;-3.72916746
40.4559951;-3.71337884
40.47502483;-3.59339367
40.47292508;-3.59696638
40.39109144;-3.70501991
40.44422315;-3.65482901
40.41174974;-3.71872145
40.46996966;-3.69738717
40.43679306;-3.69940176
40.470006;-3.77719071
40.36717702;-3.62490862
40.36358783;-3.60716321
40.37574383;-3.62997383
40.47109291;-3.57758948
40.47225067;-3.57504284
40.44582303;-3.67885268
40.45762569;-3.78577658
40.44067884;-3.70867342
40.40532077;-3.74930642
40.40322197;-3.67419231
40.46034596;-3.58362027
40.34407551;-3.70473694
40.40663061;-3.63179179
40.43142301;-3.59727205
40.43097094;-3.5975675
40.40857343;-3.63910557
40.41818521;-3.69936792
40.43268554;-3.65060422
40.37619001;-3.77149316
40.4461943;-3.69670353
40.36928809;-3.6290104
40.37500025;-3.60966316
40.37332685;-3.60362608
40.42669911;-3.66285064
40.3687791;-3.66056317
40.4825418;-3.7040272
40.42256042;-3.6954847
40.51184588;-3.66219224
40.51275207;-3.65986494
40.42245559;-3.72810211
40.40198222;-3.77168984
40.40314883;-3.76135979
40.40834423;-3.7610128
40.36829147;-3.59150626
40.50452906;-3.67028088
40.44310886;-3.5886649
40.37661064;-3.62606895
40.36054773;-3.59724108
40.3906589;-3.63792384
40.46073401;-3.78015657
40.43790121;-3.66239493
40.47454046;-3.71142695
40.34135723;-3.68440025
40.40917635;-3.76017772
40.40962296;-3.76040531
40.40857421;-3.7506745
40.40918476;-3.74606619
40.41192962;-3.7774805
40.41249117;-3.77786839
40.41339577;-3.76035753
40.4126092;-3.75335562
40.41634421;-3.75337531
40.41573694;-3.74637784
40.51646223;-3.66753187
40.40131806;-3.76385557
40.40250656;-3.76120633
40.40844728;-3.76068643
40.40985339;-3.74366938
40.41780448;-3.74133218
40.41845673;-3.74011539
40.41761776;-3.73861963
40.41753615;-3.73705683
40.41595397;-3.73598329
40.41833065;-3.72886331
40.41796031;-3.72864417
40.41795807;-3.725932
40.41851551;-3.72413551
40.42095601;-3.74170876
40.41963491;-3.74696111
40.42066556;-3.74932187
40.41907667;-3.75961524
40.4233144;-3.75815941
40.42264564;-3.75562191
40.42479069;-3.73357539
40.42760439;-3.73573092
40.42781263;-3.73617261
40.43013482;-3.73789318
40.42720756;-3.75000191
40.41015278;-3.74242299
40.41199304;-3.77455831
40.41748759;-3.74341098
40.41807812;-3.74279804
40.41792916;-3.73812677
40.41721813;-3.73540889
40.41761299;-3.73402359
40.41861663;-3.73003645
40.4169295;-3.72440373
40.41795484;-3.72332321
40.41962885;-3.73111405
40.41972574;-3.73403456
40.42062049;-3.73365542
40.42053915;-3.73562156
40.41773035;-3.75991233
40.41973563;-3.77645215
40.42270619;-3.76665565
40.42474529;-3.75630579
40.42454469;-3.73426364
40.42826225;-3.73665181
40.42922368;-3.74982041
40.42659003;-3.75993584
40.43384752;-3.74560994
40.43364645;-3.74196976
40.43414508;-3.73932457
40.43487262;-3.74044244
40.43489623;-3.74159902
40.44013312;-3.76530003
40.49395497;-3.63951056
40.49534016;-3.63683836
40.42872492;-3.7711295
40.43191927;-3.76053666
40.43333142;-3.76013614
40.43339344;-3.73955452
40.49733665;-3.63588716
40.49487668;-3.62839098
40.49710933;-3.62629028
40.49041793;-3.63265936
40.48979887;-3.64081185
40.48959828;-3.63886818
40.48726649;-3.64036599
40.48684836;-3.63299498
40.48603461;-3.63003923
40.48927002;-3.62437328
40.48810484;-3.62550003
40.49677352;-3.63297774
40.49736124;-3.62438851
40.49622438;-3.62474265
40.490656;-3.63562127
40.48979695;-3.62811602
40.48946202;-3.62633424
40.48937694;-3.64167992
40.4877666;-3.6404277
40.48744628;-3.63869487
40.48613165;-3.63777305
40.48621087;-3.63703134
40.48906196;-3.63552124
40.48664881;-3.63199225
40.48495868;-3.6266733
40.4832155;-3.62549963
40.48863308;-3.61425371
40.49262498;-3.61392635
40.44617124;-3.74059828
40.44218445;-3.73960508
40.41360345;-3.64011729
40.41173428;-3.63307659
40.41402321;-3.63121397
40.41420045;-3.62992111
40.41314277;-3.63007283
40.41230911;-3.63085862
40.48654327;-3.62522511
40.41157501;-3.64414882
40.4117181;-3.63576213
40.41267288;-3.63428664
40.41345388;-3.63361095
40.41431196;-3.63320741
40.41217232;-3.63231447
40.41054832;-3.628553
40.41104958;-3.62749198
40.41012235;-3.62744495
40.45586386;-3.62493444
40.45452125;-3.62653124
40.45475301;-3.62839723
40.45728385;-3.62055484
40.46096621;-3.61295214
40.41114918;-3.62966978
40.45750848;-3.62163777
40.45625205;-3.62231425
40.45490523;-3.62479741
40.45533019;-3.62641143
40.46302477;-3.60810733
40.46309933;-3.61192153
40.46207453;-3.6045816
40.46433151;-3.60533029
40.46474762;-3.60447162
40.45703986;-3.60262851
40.46062574;-3.61400764
40.46224319;-3.60683129
40.46311099;-3.60542998
40.46437052;-3.60730471
40.46581834;-3.60595134
40.46428662;-3.60430275
40.46402684;-3.60384528
40.46354624;-3.60278658
40.46345059;-3.59988991
40.46227261;-3.60137425
40.460695;-3.59471375
40.46182144;-3.60227402
40.45855912;-3.60378963
40.46013753;-3.60715375
40.45557888;-3.60646892
40.45817512;-3.60752811
40.45850988;-3.61190265
40.46097492;-3.60847403
40.42791849;-3.73021206
40.42159277;-3.72354131
40.41686817;-3.72165087
40.41544553;-3.72214509
40.41841632;-3.72275608
40.40862822;-3.72139349
40.39856584;-3.71257233
40.39943344;-3.71125107
40.39835499;-3.71118681
40.41245037;-3.73535486
40.39735588;-3.70713441
40.41031101;-3.72250554
40.40915365;-3.72224177
40.40502655;-3.72320032
40.39237749;-3.70066194
40.39326032;-3.69849868
40.4010071;-3.72233146
40.46490174;-3.60283856
40.46365824;-3.60082923
40.4601849;-3.59911179
40.45860492;-3.59912503
40.46114677;-3.60145802
40.4582886;-3.60030831
40.45951857;-3.60332572
40.46055881;-3.60510598
40.45712882;-3.60620569
40.45733846;-3.60697831
40.45642424;-3.60736938
40.45680332;-3.60910297
40.45900488;-3.61039539
40.4599059;-3.6090737
40.42105447;-3.72344195
40.4161503;-3.72542749
40.41432535;-3.73029163
40.41306996;-3.73364741
40.41113684;-3.73863557
40.39629351;-3.70744605
40.39255007;-3.70093579
40.38431839;-3.68875836
40.39941744;-3.71761563
40.39788428;-3.71295541
40.3970065;-3.71317834
40.39703747;-3.71135465
40.39546275;-3.70703884
40.39256177;-3.70193332
40.38604562;-3.69620567
40.38214174;-3.69198266
40.36022527;-3.68186386
40.34687087;-3.6695972
40.3591185;-3.68092975
40.35598043;-3.68030324
40.34290839;-3.66653631
40.3786812;-3.68968355
40.37475298;-3.68716835
40.37503353;-3.68488865
40.37267633;-3.68448785
40.37318809;-3.68862346
40.41898321;-3.69647543
40.42395916;-3.67592838
40.41861419;-3.68799657
40.42068791;-3.68244988
40.41986843;-3.68028683
40.41910445;-3.6811897
40.41639728;-3.68860311
40.41393581;-3.68838764
40.41167276;-3.68682129
40.4111108;-3.68747676
40.40981013;-3.68624368
40.4106995;-3.68328122
40.41135762;-3.68002031
40.40849394;-3.67861956
40.41414319;-3.68273345
40.41551173;-3.68403728
40.4157822;-3.68352398
40.41703445;-3.68209986
40.41668564;-3.68008224
40.43023659;-3.72590893
40.42781393;-3.72435033
40.42522757;-3.7186995
40.44547658;-3.6296616
40.44645181;-3.62924619
40.44654648;-3.63006073
40.42301048;-3.66149205
40.45587458;-3.60058074
40.42049311;-3.71375098
40.46243761;-3.7182349
40.45459817;-3.72283347
40.39636571;-3.70974928
40.39491241;-3.70550128
40.38523088;-3.6952655
40.35525599;-3.67814279
40.35396955;-3.67688706
40.34304628;-3.6650413
40.34142007;-3.66553608
40.35312257;-3.67460997
40.35250954;-3.67413778
40.34976405;-3.67346468
40.3486987;-3.67058343
40.37772151;-3.68907156
40.37476867;-3.68857382
40.37404566;-3.68499868
40.37675681;-3.68845141
40.37877404;-3.68667921
40.3760119;-3.68515112
40.37235296;-3.68818196
40.36251012;-3.68310845
40.36278347;-3.68344204
40.42420388;-3.67678264
40.41969967;-3.68659075
40.41877703;-3.68652483
40.41829399;-3.68547321
40.4204083;-3.68426445
40.41867107;-3.6799344
40.41114033;-3.68098259
40.40931532;-3.68063088
40.4133613;-3.68146882
40.41509243;-3.67908207
40.41735906;-3.68084638
40.41636195;-3.68145073
40.41564697;-3.68096429
40.41712897;-3.67919081
40.41665216;-3.67855685
40.43502209;-3.72706867
40.43555082;-3.72464557
40.42486979;-3.71683313
40.42460467;-3.71890506
40.44314378;-3.62790647
40.44143158;-3.62633409
40.42309469;-3.66251844
40.45675493;-3.5958474
40.45736812;-3.5974804
40.45461913;-3.59946096
40.41755799;-3.71188745
40.46294855;-3.71428901
40.46042009;-3.72393379
40.45899887;-3.72069868
40.4596528;-3.72129539
40.45927601;-3.72536042
40.46111754;-3.71318451
40.42325374;-3.66306225
40.46075293;-3.72113024
40.45432437;-3.72339662
40.4083409;-3.66568983
40.39182873;-3.65548204
40.38775481;-3.65779987
40.46070571;-3.72003283
40.45774874;-3.72324464
40.45724849;-3.71677615
40.45878197;-3.71791291
40.45733273;-3.72780447
40.4000144;-3.72523658
40.39796997;-3.7294762
40.37399644;-3.76294357
40.38439532;-3.61804782
40.3485514;-3.68731295
40.37577552;-3.63087139
40.40186359;-3.59596568
40.43061967;-3.69974384
40.37474242;-3.62571899
40.37374703;-3.62491278
40.38577483;-3.65921666
40.38781693;-3.6580433
40.35690491;-3.68184778
40.46973214;-3.71131797
40.47667733;-3.57904722
40.47695974;-3.57723097
40.42137428;-3.67608131
40.4045939;-3.67339886
40.37309553;-3.76314897
40.40354088;-3.66935612
40.38846992;-3.76692801
40.50307102;-3.65383583
40.36958344;-3.60991376
40.39823068;-3.74541295
40.38335328;-3.76427907
40.33349535;-3.7016317
40.48182744;-3.60561123
40.43094889;-3.65100022
40.40476552;-3.66216805
40.35168119;-3.68172398
40.45419582;-3.66451774
40.42148504;-3.7132489
40.42044118;-3.71313305
40.41657693;-3.69205173
40.40660644;-3.62570462
40.46372775;-3.69748511
40.43477358;-3.65473509
40.39317767;-3.76578982
40.46709164;-3.70482387
40.37560189;-3.77045407
40.40493955;-3.64438596
40.40198391;-3.64650401
40.37777992;-3.71191118
40.40236676;-3.63849957
40.40027971;-3.64170669
40.40708753;-3.64205662
40.45272854;-3.69542912
40.37086729;-3.6997791
40.34693065;-3.70867697
40.47721058;-3.71604415
40.47759972;-3.71600874
40.4742167;-3.70012171
40.4140288;-3.71660788
40.38204584;-3.64412738
40.4284276;-3.72157729
40.47715681;-3.68805466
40.47731189;-3.68792673
40.47793573;-3.68784259
40.47777729;-3.68782222
40.47793545;-3.68748052
40.47767676;-3.68750277
40.47963369;-3.68889319
40.44181389;-3.68225834
40.44186031;-3.67801319
40.42296115;-3.60035785
40.47247969;-3.57530542
40.41683188;-3.70486425
40.39608563;-3.67726917
40.48492844;-3.69769705
40.48365073;-3.70070331
40.48140942;-3.70834594
40.49993256;-3.70131548
40.46855857;-3.70219364
40.48033479;-3.71180239
40.48108545;-3.70799923
40.48150843;-3.70597227
40.48189599;-3.70427581
40.48342274;-3.69896767
40.48201721;-3.70428177
40.44219274;-3.70198011
40.40450286;-3.60468319
40.39425645;-3.69338195
40.4248178;-3.69089334
40.47777213;-3.72229465
40.44503604;-3.66475481
40.38662285;-3.63950763
40.38321983;-3.60480874
40.46592537;-3.69021374
40.47635761;-3.72213681
40.51093671;-3.67607788
40.37559396;-3.71700678
40.3832227;-3.70135409
40.37182469;-3.62600807
40.36150532;-3.58835656
40.50570252;-3.69654015
40.34029944;-3.68438398
40.46410231;-3.69802265
40.48367215;-3.6300323
40.36728652;-3.68566121
40.34584361;-3.71661576
40.3961028;-3.69116459
40.39467072;-3.73182043
40.3925914;-3.72315738
40.39800214;-3.5468497
40.3655094;-3.75170533
40.36540383;-3.75074958
40.40596239;-3.55465676
40.40542998;-3.56468341
40.40458201;-3.7279354
40.48130544;-3.7327284
40.40030361;-3.64503636
40.3811575;-3.61625635
40.40768602;-3.64581169
40.45283925;-3.69287005
40.42061499;-3.62172429
40.35532255;-3.69042723
40.37464068;-3.75557244
40.39975496;-3.64986729
40.38489575;-3.76264711
40.47699911;-3.68753243
40.47773898;-3.68725058
40.47573568;-3.68931934
40.47867957;-3.69017446
40.43901609;-3.67874361
40.44003931;-3.68082789
40.41382065;-3.71636747
40.42988712;-3.59995451
40.37200321;-3.75176933
40.37357071;-3.75007961
40.4166662;-3.70196892
40.36401577;-3.71453188
40.48506032;-3.69810814
40.48416903;-3.69921338
40.47038926;-3.62908509
40.46322682;-3.67032031
40.48027989;-3.71181431
40.48049259;-3.7105129
40.48118321;-3.70799558
40.48347032;-3.69986956
40.44334435;-3.70248931
40.43946629;-3.70799567
40.39237317;-3.65262163
40.39752146;-3.75480717
40.46220979;-3.69419275
40.47964203;-3.70401396
40.46780317;-3.71540299
40.38079314;-3.61745681
40.37913597;-3.60299372
40.36941539;-3.61310633
40.36897835;-3.68800611
40.38673519;-3.72760863
40.47249115;-3.71012109
40.40418351;-3.55764495
40.36598326;-3.76346091
40.40560685;-3.54929032
40.49093796;-3.71656163
40.38731785;-3.69461926
40.4010648;-3.69059098
40.36603778;-3.75181784
40.40254053;-3.55899195
40.39658489;-3.55432889
40.45433152;-3.672336
40.4249478;-3.65259008
40.48495423;-3.7228299
40.42792895;-3.69913089
40.37434933;-3.66813872
40.42364417;-3.65072307
40.38570436;-3.65576617
40.38621446;-3.65385311
40.37617055;-3.6658795
40.38407585;-3.77879097
40.38128758;-3.76550564
40.40022995;-3.75440669
40.35720711;-3.68378677
40.35014226;-3.70453956
40.3671423;-3.6288097
40.39461679;-3.6466253
40.40010377;-3.708965
40.39514457;-3.76670718
40.42507133;-3.71508786
40.36648351;-3.62811571
40.36512946;-3.62332547
40.36661615;-3.62727722
40.36455606;-3.62844198
40.36391163;-3.62296321
40.36385442;-3.62902254
40.36565402;-3.63156615
40.36476436;-3.6324903
40.59195449;-3.71347568
40.42279769;-3.71345128
40.42340192;-3.71562598
40.42269319;-3.71283373
40.4357258;-3.65294341
40.58974576;-3.7144428
40.42302399;-3.714763
40.42316398;-3.71303342
40.46605165;-3.60800143
40.42937556;-3.63071361
